order_id,ticker,model,side,entry_price,entry_ts,last_price,last_ts,closing_price,clv_cents,status,result,fill_status,fill_ts,pnl_cents
541aac71-d80f-4368-98a0-3060ccaa3126,KXMLBGAME-26JUL092145COLSF-COL,sports,no,59,2026-07-07T14:01:34+00:00,,,,,unscored,no,filled,,
cd7e25d7-aa2d-4c42-a5b5-649cc172e8c6,KXMLBTOTAL-26JUL101905KCBAL-9,sports,yes,62,2026-07-10T12:58:37+00:00,,,,,unscored,no,filled,,
529e73da-d338-4fec-8cc2-fdba4c63d5b8,KXMLBTOTAL-26JUL102005HOUTEX-7,sports,yes,65,2026-07-10T12:58:37+00:00,,,,,unscored,yes,filled,,
5c318c38-5f72-4aaa-abba-5b7d411680af,KXMLBRFI-26JUL101905KCBAL,nrfi,no,45,2026-07-10T22:22:13+00:00,,,,,unscored,no,filled,,
paper:KXUSEDCARCPI-26AUG12-T178.50:2026-08-06T14:03:23+00:00,KXUSEDCARCPI-26AUG12-T178.50,favorite,yes,86,2026-08-06T14:03:23+00:00,87.5,2026-08-07T03:26:05.248788+00:00,,,open,,resting,,
paper:KXSHELTERCPI-26AUG12-T429.0:2026-08-06T14:03:23+00:00,KXSHELTERCPI-26AUG12-T429.0,favorite,yes,88,2026-08-06T14:03:23+00:00,93.5,2026-08-07T03:26:05.248788+00:00,,,open,,resting,,
paper:KXCPINDEX-26AUG12-T333.4:2026-08-06T14:03:23+00:00,KXCPINDEX-26AUG12-T333.4,favorite,yes,87,2026-08-06T14:03:23+00:00,92.5,2026-08-07T03:26:05.248788+00:00,,,open,,resting,,
paper:KXCPICOMBO-26JULB-0101:2026-08-06T14:03:23+00:00,KXCPICOMBO-26JULB-0101,favorite,no,86,2026-08-06T14:03:23+00:00,90.0,2026-08-07T03:26:05.248788+00:00,,,open,,resting,,
paper:KXCPICORE-26JUL-T0.3:2026-08-06T14:03:23+00:00,KXCPICORE-26JUL-T0.3,favorite,no,86,2026-08-06T14:03:23+00:00,95.0,2026-08-07T03:26:05.248788+00:00,,,open,,resting,,
paper:KXUSPPIYOY-26AUG13-T5.9:2026-08-06T14:03:23+00:00,KXUSPPIYOY-26AUG13-T5.9,favorite,no,91,2026-08-06T14:03:23+00:00,98.0,2026-08-07T03:26:05.248788+00:00,,,open,,resting,,
paper:KXMC-MAR-60:2026-08-06T14:03:23+00:00,KXMC-MAR-60,favorite,yes,94,2026-08-06T14:03:23+00:00,96.0,2026-08-07T03:26:05.248788+00:00,,,open,,resting,,
paper:KXECONSTATCPIYOY-26JUL-T3.1:2026-08-06T14:03:23+00:00,KXECONSTATCPIYOY-26JUL-T3.1,favorite,no,95,2026-08-06T14:03:23+00:00,97.0,2026-08-07T03:26:05.248788+00:00,,,open,,resting,,
paper:KXUSGASCPI-26AUG12-T333:2026-08-06T14:03:23+00:00,KXUSGASCPI-26AUG12-T333,favorite,no,91,2026-08-06T14:03:23+00:00,92.0,2026-08-07T03:26:05.248788+00:00,,,open,,resting,,
paper:KXPOWERKWH-26AUG12-T19.4:2026-08-06T14:03:23+00:00,KXPOWERKWH-26AUG12-T19.4,favorite,yes,96,2026-08-06T14:03:23+00:00,97.0,2026-08-07T03:26:05.248788+00:00,,,open,,resting,,
paper:KXECONSTATCORECPIYOY-26JUL-T2.3:2026-08-06T14:03:23+00:00,KXECONSTATCORECPIYOY-26JUL-T2.3,favorite,no,92,2026-08-06T14:03:23+00:00,89.5,2026-08-07T03:26:05.248788+00:00,,,open,,resting,,
paper:KXALLSVENSKANGAME-26AUG10SIRBRO-BRO:2026-08-06T14:03:23+00:00,KXALLSVENSKANGAME-26AUG10SIRBRO-BRO,favorite,no,91,2026-08-06T14:03:23+00:00,91.5,2026-08-07T03:26:05.248788+00:00,,,open,,resting,,
paper:KXECONSTATCPICORE-26JUL-T0.0:2026-08-06T14:03:23+00:00,KXECONSTATCPICORE-26JUL-T0.0,favorite,no,93,2026-08-06T14:03:23+00:00,93.5,2026-08-07T03:26:05.248788+00:00,,,open,,resting,,
paper:KXAIRFARECPI-26AUG12-T322:2026-08-06T14:03:23+00:00,KXAIRFARECPI-26AUG12-T322,favorite,no,97,2026-08-06T14:03:23+00:00,97.5,2026-08-07T03:26:05.248788+00:00,,,open,,resting,,
paper:KXCPICORE-26JUL-T0.6:2026-08-06T14:18:59+00:00,KXCPICORE-26JUL-T0.6,favorite,no,86,2026-08-06T14:18:59+00:00,98.0,2026-08-07T03:26:05.248788+00:00,,,open,,resting,,
1649896c-2f59-40d5-ba1f-d3aa5f3ae0d6,KXUSEDCARCPI-26AUG12-T178.50,favorite,yes,86,2026-08-06T14:28:44+00:00,87.5,2026-08-07T03:26:05.248788+00:00,,,open,,resting,,
d332e315-5494-4d69-b816-8fca905534cf,KXCPINDEX-26AUG12-T333.5,favorite,yes,85,2026-08-06T14:28:44+00:00,92.0,2026-08-07T03:26:05.248788+00:00,,,open,,resting,,
02faee08-fd3a-4881-abae-e858ad53f5e8,KXMC-MAR-60,favorite,yes,94,2026-08-06T14:28:44+00:00,96.5,2026-08-07T03:26:05.248788+00:00,,,open,,resting,,
e5f0e84e-d93b-47d7-a97a-cc17b0a5305e,KXPOWERKWH-26AUG12-T19.4,favorite,yes,96,2026-08-06T14:28:44+00:00,97.0,2026-08-07T03:26:05.248788+00:00,,,open,,resting,,
paper:KXCPINDEX-26AUG12-T333.5:2026-08-06T14:28:44+00:00,KXCPINDEX-26AUG12-T333.5,favorite,yes,85,2026-08-06T14:28:44+00:00,92.0,2026-08-07T03:26:05.248788+00:00,,,open,,resting,,
631d1e61-c534-47ba-9cd6-1058f618879b,KXUSPPIYOY-26AUG13-T5.8,favorite,no,85,2026-08-07T03:26:04+00:00,91.5,2026-08-07T03:26:05.248788+00:00,,,open,,resting,,
deb609f4-5afd-47a7-8e94-6c2ed2fb6f47,KXARMOMINF-26AUG13-T1.2,favorite,yes,94,2026-08-07T03:26:04+00:00,96.0,2026-08-07T03:26:05.248788+00:00,,,open,,resting,,
7011c052-dc9e-4658-b327-7b82e38d1ad2,KXMC-MAR-60,favorite,yes,95,2026-08-07T03:26:04+00:00,96.5,2026-08-07T03:26:05.248788+00:00,,,open,,resting,,
paper:KXUSPPIYOY-26AUG13-T5.8:2026-08-07T03:26:04+00:00,KXUSPPIYOY-26AUG13-T5.8,favorite,no,85,2026-08-07T03:26:04+00:00,91.5,2026-08-07T03:26:05.248788+00:00,,,open,,resting,,
paper:KXARMOMINF-26AUG13-T1.2:2026-08-07T03:26:04+00:00,KXARMOMINF-26AUG13-T1.2,favorite,yes,94,2026-08-07T03:26:04+00:00,96.0,2026-08-07T03:26:05.248788+00:00,,,open,,resting,,
